,Algorithm,Alpha,Trial,Min_Error,Min_Error_Idx,Sum_Error
0,MPPS,1.0,0,0.2497340251383737,799,388.2939616137393
1,MPPS,5.0,0,0.21892846207528946,340,276.54190721401926
2,MPPS,10.0,0,0.19053881022016675,277,256.91505563894555
3,MPPS,15.0,0,0.18066579347481374,246,250.1579527273402
4,MPPS,20.0,0,0.19155519538040564,234,248.56096722890268
5,MPPS,25.0,0,0.20861986383747194,222,249.37821645433786
6,ADMM,1.0,0,1.5666401580528608,2399,5220.001546158985
7,ADMM,10.0,0,0.27856883240934466,2399,1892.1614896348206
8,ADMM,100.0,0,0.22646343535808403,2399,871.4557190068211
9,ADMM,125.0,0,0.23105523543886244,2399,857.0590936971957
10,ADMM,140.0,0,0.2357417111138043,1437,852.1392215800287
11,ADMM,145.0,0,0.2354260351299751,1383,850.5128514311344
12,ADMM,150.0,0,0.23459654570962146,1433,848.86694366348
13,ADMM,155.0,0,0.2339018564234672,1480,847.1206851012424
14,ADMM,160.0,0,0.2338511454805656,1504,845.4186918741011
15,ADMM,175.0,0,0.2335699535520276,1456,839.4379798272266
16,ADMM,200.0,0,0.2336482276972686,1190,829.6646424804421
17,ADMM,225.0,0,0.22976334504317883,1147,822.8302707308176
18,MPPS,1.0,1,0.5377456136217245,799,902.859732696375
19,MPPS,5.0,1,0.33169728224068673,274,567.9287002551935
20,MPPS,10.0,1,0.337414202637829,188,501.49861433424593
21,MPPS,15.0,1,0.3134322883425258,125,475.43684426275166
22,MPPS,20.0,1,0.3222671265456698,109,461.526520839501
23,MPPS,25.0,1,0.3347233614998678,110,453.4687898156425
24,ADMM,1.0,1,2.8059788175949,2399,7673.569387422742
25,ADMM,10.0,1,1.4278349929435425,2399,4835.152746056285
26,ADMM,100.0,1,0.38643195788653195,1203,1939.4987461856176
27,ADMM,125.0,1,0.3773556578812191,1065,1828.852140173601
28,ADMM,140.0,1,0.3688551873629047,1035,1781.3550126987423
29,ADMM,145.0,1,0.3657661369452652,1014,1767.0447565143786
30,ADMM,150.0,1,0.3621756194115132,991,1753.184560133968
31,ADMM,155.0,1,0.35921868641384935,976,1740.2194751754982
32,ADMM,160.0,1,0.3564159957663627,944,1728.043165053076
33,ADMM,175.0,1,0.3475584806994929,936,1696.8406081551868
34,ADMM,200.0,1,0.34670165916633866,901,1653.2498384332312
35,ADMM,225.0,1,0.3581793256881633,869,1618.0502618514731
36,MPPS,1.0,2,0.23423711232072728,554,565.3369186982258
37,MPPS,5.0,2,0.20928695218603693,219,316.26148377842173
38,MPPS,10.0,2,0.24519238347803668,497,293.2732900099711
39,MPPS,15.0,2,0.25472539395405286,735,292.2500137071773
40,MPPS,20.0,2,0.27322491015802275,785,295.3530792791407
41,MPPS,25.0,2,0.2718903402395859,359,297.2496260902403
42,ADMM,1.0,2,2.6598176805938407,2399,7280.8410979635055
43,ADMM,10.0,2,0.8134014266894377,2399,3951.9211657885344
44,ADMM,100.0,2,0.23902773021914797,1426,1131.0060683210227
45,ADMM,125.0,2,0.2441726096781833,2316,1069.430632394433
46,ADMM,140.0,2,0.24631446989295913,2399,1045.9581041432039
47,ADMM,145.0,2,0.24739386437836264,1871,1038.9146570460985
48,ADMM,150.0,2,0.248173160169304,1941,1032.2411545960604
49,ADMM,155.0,2,0.24898329805211256,2035,1025.860088752689
50,ADMM,160.0,2,0.2495971058659868,2110,1020.0463035284153
51,ADMM,175.0,2,0.25056940683436774,2335,1005.1361708190467
52,ADMM,200.0,2,0.25626372823566634,570,986.3772688040332
53,ADMM,225.0,2,0.25878491633837053,602,974.2381071796433
54,MPPS,1.0,3,0.17313702507503348,186,336.7636267547269
55,MPPS,5.0,3,0.18612694400434968,162,263.32005694093186
56,MPPS,10.0,3,0.14680424853927312,112,242.78410791058235
57,MPPS,15.0,3,0.13974604851522918,110,233.593755883798
58,MPPS,20.0,3,0.15429982228333194,108,231.22495129198575
59,MPPS,25.0,3,0.1698099314077762,108,231.65896014976894
60,ADMM,1.0,3,2.002925907250111,2399,6063.032332016776
61,ADMM,10.0,3,0.177867243374527,2288,2041.807330224458
62,ADMM,100.0,3,0.16843113947294164,706,778.6430046058459
63,ADMM,125.0,3,0.16802389555722194,658,761.5197456416342
64,ADMM,140.0,3,0.17478535838427164,623,753.6351486912284
65,ADMM,145.0,3,0.17546528415224483,618,751.2302876996625
66,ADMM,150.0,3,0.17464675374078265,599,748.8468140970433
67,ADMM,155.0,3,0.17261731197557242,583,746.698233897084
68,ADMM,160.0,3,0.17061764694041218,571,744.6762259218265
69,ADMM,175.0,3,0.1649071725368541,561,739.6179915871217
70,ADMM,200.0,3,0.1629113528621947,546,731.4792057184413
71,ADMM,225.0,3,0.166165041243126,535,725.5395353534427
72,MPPS,1.0,4,0.22892293466802754,261,415.1149682269017
73,MPPS,5.0,4,0.22604753687957954,295,289.29179913429954
74,MPPS,10.0,4,0.2036333596518551,207,275.69334952247436
75,MPPS,15.0,4,0.2190874396693686,285,274.7647241819536
76,MPPS,20.0,4,0.23059769478972422,496,276.8501618540322
77,MPPS,25.0,4,0.23490518423044848,566,280.87921055637787
78,ADMM,1.0,4,2.2111556031518718,2399,6591.752960775628
79,ADMM,10.0,4,0.3118648412088944,2399,2773.886370358204
80,ADMM,100.0,4,0.2193434968974974,1261,959.5337328765481
81,ADMM,125.0,4,0.21864186304138153,1070,931.485120983655
82,ADMM,140.0,4,0.21532003050637336,1043,919.3446310473089
83,ADMM,145.0,4,0.2147169794978052,1009,915.9231906195614
84,ADMM,150.0,4,0.21360889656774107,1006,913.0067802105948
85,ADMM,155.0,4,0.21291704330555142,1004,910.330055675221
86,ADMM,160.0,4,0.21239870196297087,999,907.9207082987986
87,ADMM,175.0,4,0.21033228833695777,981,901.1991373245392
88,ADMM,200.0,4,0.20897762428344863,971,891.9370870974647
89,ADMM,225.0,4,0.20746850313062126,912,887.0784031426184
90,MPPS,1.0,5,0.22988394090459516,754,541.4836085970524
91,MPPS,5.0,5,0.24675814041886196,641,344.73305335598764
92,MPPS,10.0,5,0.24946024977873663,775,326.46201646832276
93,MPPS,15.0,5,0.26778977886898553,797,324.4368041642662
94,MPPS,20.0,5,0.2818501339034398,123,321.08362287277
95,MPPS,25.0,5,0.2974092668947011,799,319.52210707878413
96,ADMM,1.0,5,2.374569324615128,2399,6849.206106175912
97,ADMM,10.0,5,0.8229208130484491,2399,3595.8363352089027
98,ADMM,100.0,5,0.2571200201460692,1162,1237.1765024564659
99,ADMM,125.0,5,0.2598322009229372,2399,1186.039318820432
100,ADMM,140.0,5,0.2583629822996219,2399,1165.4278881320556
101,ADMM,145.0,5,0.2578642934687599,2398,1159.684881342433
102,ADMM,150.0,5,0.2577718474704055,2399,1154.3375061248325
103,ADMM,155.0,5,0.258480730805576,2399,1149.4587370198774
104,ADMM,160.0,5,0.25979852428724665,2399,1144.8074197623337
105,ADMM,175.0,5,0.2630371736759448,2399,1132.7553726186786
106,ADMM,200.0,5,0.27001501959421975,2399,1117.141624025532
107,ADMM,225.0,5,0.2759579849488429,797,1103.2980391233714
108,MPPS,1.0,6,0.16313945077837702,669,692.0882174867394
109,MPPS,5.0,6,0.1280656627945747,201,305.9420653576566
110,MPPS,10.0,6,0.14118222836400457,209,241.06311583628863
111,MPPS,15.0,6,0.13657891423131036,297,217.43047600735036
112,MPPS,20.0,6,0.14521962029842037,407,206.95158429393447
113,MPPS,25.0,6,0.14599660786892946,622,203.05999928443208
114,ADMM,1.0,6,2.8164081777511085,2399,7708.88924563931
115,ADMM,10.0,6,1.2085200186681708,2399,4851.278259385036
116,ADMM,100.0,6,0.13863781210971393,891,1152.0896258121418
117,ADMM,125.0,6,0.13919003315073367,799,1042.9880705951675
118,ADMM,140.0,6,0.1420581475963677,759,994.0877771601376
119,ADMM,145.0,6,0.14208668141989728,728,979.1132438360189
120,ADMM,150.0,6,0.14205507489228056,712,965.1269302142869
121,ADMM,155.0,6,0.14246925449079859,707,951.9237370603581
122,ADMM,160.0,6,0.14347833477075292,701,939.4040154920078
123,ADMM,175.0,6,0.14363324535185368,689,905.097795911579
124,ADMM,200.0,6,0.1468306843472569,701,858.81057365657
125,ADMM,225.0,6,0.1463948153424513,912,820.9052053896523
126,MPPS,1.0,7,0.1645760340855616,375,309.5262056578448
127,MPPS,5.0,7,0.18632682825790478,683,236.0516575830094
128,MPPS,10.0,7,0.20073962915805912,182,238.86530487174358
129,MPPS,15.0,7,0.1949400154200966,181,238.16153148991754
130,MPPS,20.0,7,0.19762667648886367,167,238.5325214546403
131,MPPS,25.0,7,0.20556009977185255,111,240.486076130083
132,ADMM,1.0,7,1.8670386795898657,2399,5961.970539976427
133,ADMM,10.0,7,0.2575452838232872,2399,2175.2870723081714
134,ADMM,100.0,7,0.18259449935364414,2348,790.383063459519
135,ADMM,125.0,7,0.19185558498103772,2399,782.7728735442627
136,ADMM,140.0,7,0.19903617693525436,2399,781.0639103832007
137,ADMM,145.0,7,0.20207738098872424,2399,780.3382044910766
138,ADMM,150.0,7,0.20518462636496315,2399,779.3356349999788
139,ADMM,155.0,7,0.2065944118181713,2372,778.3450593050617
140,ADMM,160.0,7,0.206952622452264,2389,777.5257241424799
141,ADMM,175.0,7,0.20817627724676824,2352,775.6422532837889
142,ADMM,200.0,7,0.2114119640384457,929,772.9673056766264
143,ADMM,225.0,7,0.20984052307742618,479,769.0855198506354
144,MPPS,1.0,8,0.2209555682603302,161,407.6518372443516
145,MPPS,5.0,8,0.29487868288625646,666,314.5926554151113
146,MPPS,10.0,8,0.29023476955227906,89,311.7306353064996
147,MPPS,15.0,8,0.27801509288514026,74,319.2820517402587
148,MPPS,20.0,8,0.28211494460653125,71,329.2298203490509
149,MPPS,25.0,8,0.28522522887812546,68,338.1005526722446
150,ADMM,1.0,8,2.170589252524821,2399,6329.407430239518
151,ADMM,10.0,8,0.2515685650142496,1626,2103.670569584099
152,ADMM,100.0,8,0.29677252986724273,2163,1028.107693734737
153,ADMM,125.0,8,0.29500549549980937,1916,1006.3125458812303
154,ADMM,140.0,8,0.2962654376235983,2147,998.1730702432606
155,ADMM,145.0,8,0.2962598398577673,2223,995.9069215633605
156,ADMM,150.0,8,0.29665936547398947,2306,994.1755456545873
157,ADMM,155.0,8,0.29702215366243784,2399,993.0147549729868
158,ADMM,160.0,8,0.29805353385398553,2399,991.8566739154237
159,ADMM,175.0,8,0.3015652332067459,2399,989.5845454852706
160,ADMM,200.0,8,0.31193236977345945,2285,986.2748773716017
161,ADMM,225.0,8,0.31358792833066784,2399,986.0127318542677
162,MPPS,1.0,9,0.261787329411368,799,1197.2985891089725
163,MPPS,5.0,9,0.1844655244680847,229,458.69848474132783
164,MPPS,10.0,9,0.21221186037654763,237,385.9749750013134
165,MPPS,15.0,9,0.21974387754801483,372,364.3614148913333
166,MPPS,20.0,9,0.22611994192231824,406,361.46559324783743
167,MPPS,25.0,9,0.24074694481409803,530,363.9434437829285
168,ADMM,1.0,9,3.8103742914847465,2399,9741.364040928376
169,ADMM,10.0,9,2.085678125505591,2399,7017.121446101832
170,ADMM,100.0,9,0.18415364712323098,1277,1769.0717763656044
171,ADMM,125.0,9,0.19214528945230477,1206,1605.0407947150584
172,ADMM,140.0,9,0.19771403720246677,1009,1539.1905755928628
173,ADMM,145.0,9,0.19946641220996267,1013,1521.0267977896397
174,ADMM,150.0,9,0.20179215247294213,996,1504.6923939693013
175,ADMM,155.0,9,0.20238852955511297,998,1489.9828480306442
176,ADMM,160.0,9,0.2015356616012739,1005,1476.7038650913555
177,ADMM,175.0,9,0.20312257707710907,1010,1442.2416136498393
178,ADMM,200.0,9,0.20942058773821232,1005,1397.8480439204131
179,ADMM,225.0,9,0.22340233653409614,1007,1365.9650104304537
180,MPPS,1.0,10,0.13980338565289435,440,273.3570874580451
181,MPPS,5.0,10,0.12901032235239399,139,184.2660279684531
182,MPPS,10.0,10,0.1443239625564633,308,183.46037140081037
183,MPPS,15.0,10,0.15272232760819995,799,192.79788361718624
184,MPPS,20.0,10,0.15815034445477896,677,203.4648925212618
185,MPPS,25.0,10,0.16078665019741364,799,213.6607977791181
186,ADMM,1.0,10,1.8711177226284181,2399,5963.955516851916
187,ADMM,10.0,10,0.16861307017911492,2399,1962.2819800211773
188,ADMM,100.0,10,0.1307696799112923,676,611.7689845021625
189,ADMM,125.0,10,0.1319297320862002,659,597.0414959907132
190,ADMM,140.0,10,0.13741868772321253,659,591.4050704411409
191,ADMM,145.0,10,0.13918279456389054,651,590.1286395539425
192,ADMM,150.0,10,0.1397167837716636,635,589.0281907822462
193,ADMM,155.0,10,0.14067245756449498,641,588.1364795812162
194,ADMM,160.0,10,0.14177517322191768,979,587.50025637078
195,ADMM,175.0,10,0.14074442958390287,1062,586.7599876142817
196,ADMM,200.0,10,0.1442612911732276,1247,586.7499350790474
197,ADMM,225.0,10,0.1470898666387887,1495,590.5514644328734
198,MPPS,1.0,11,0.18262983280820927,237,375.0756441753704
199,MPPS,5.0,11,0.1701206252023357,200,232.52075978948977
200,MPPS,10.0,11,0.16657923798336724,201,209.3869628933084
201,MPPS,15.0,11,0.16611605352962427,249,205.79775838768336
202,MPPS,20.0,11,0.16555734971247496,313,205.33502955080564
203,MPPS,25.0,11,0.17240913451307424,370,205.4843273386147
204,ADMM,1.0,11,2.341538258807803,2399,6880.981857519222
205,ADMM,10.0,11,0.16683696533953773,2399,2616.0829169525196
206,ADMM,100.0,11,0.1658995028713237,990,768.5193809457369
207,ADMM,125.0,11,0.16552528960090723,2399,729.4063752534491
208,ADMM,140.0,11,0.16506681332342837,1406,711.6037907419898
209,ADMM,145.0,11,0.16459993503726422,1450,706.5721755807618
210,ADMM,150.0,11,0.16442660776869142,1485,701.9741445386053
211,ADMM,155.0,11,0.1636984714350944,1294,697.5464840331352
212,ADMM,160.0,11,0.16246392992662828,1355,693.454266938711
213,ADMM,175.0,11,0.16109271077044968,1573,681.8447586054527
214,ADMM,200.0,11,0.16022443632221153,1868,665.3123107545963
215,ADMM,225.0,11,0.16021361668681222,2300,652.827191556557
216,MPPS,1.0,12,0.7455645231475249,799,1198.6573426392717
217,MPPS,5.0,12,0.27407437456861344,379,568.123412517278
218,MPPS,10.0,12,0.28719378392815914,271,479.327567682043
219,MPPS,15.0,12,0.2718077425009879,334,435.69200016873714
220,MPPS,20.0,12,0.26729981167546424,319,409.56800654872893
221,MPPS,25.0,12,0.2719100723817702,312,393.40679918720707
222,ADMM,1.0,12,2.507840858590117,2399,6828.921636054907
223,ADMM,10.0,12,1.761391327161282,2399,5096.794863180691
224,ADMM,100.0,12,0.3073125667787398,2044,2167.121514368453
225,ADMM,125.0,12,0.2963054830734361,1858,1996.8465251499526
226,ADMM,140.0,12,0.2976362138107637,1724,1926.502549385384
227,ADMM,145.0,12,0.2969704840587455,1573,1906.1663165051148
228,ADMM,150.0,12,0.2955306030539141,1585,1886.9105067176338
229,ADMM,155.0,12,0.2954818515792585,1580,1868.55704001118
230,ADMM,160.0,12,0.29510537446746243,1515,1851.6292599936282
231,ADMM,175.0,12,0.2887603227194454,1347,1804.4737941468463
232,ADMM,200.0,12,0.27902780132582283,1269,1739.3765226804253
233,ADMM,225.0,12,0.27314207185395595,1230,1684.1699545128706
234,MPPS,1.0,13,0.16541687338412656,346,264.7729742417521
235,MPPS,5.0,13,0.1693747628149015,116,224.3207330896643
236,MPPS,10.0,13,0.1573864783546835,150,216.55250111791713
237,MPPS,15.0,13,0.17709552686045543,242,213.04298130362648
238,MPPS,20.0,13,0.1777064630525799,153,212.27167185737449
239,MPPS,25.0,13,0.1751271595789676,153,212.75380344914998
240,ADMM,1.0,13,1.5317427961142676,2399,5216.37300161311
241,ADMM,10.0,13,0.17934894676106286,2399,1560.9844801652043
242,ADMM,100.0,13,0.18657158010719652,2136,730.3187593230365
243,ADMM,125.0,13,0.18880519417665823,493,715.1842055824891
244,ADMM,140.0,13,0.1879285209843048,483,707.8654283334848
245,ADMM,145.0,13,0.18770299500314178,479,706.0978954547066
246,ADMM,150.0,13,0.18761802818207937,474,704.6587795866175
247,ADMM,155.0,13,0.1875299838994625,407,703.3966600111945
248,ADMM,160.0,13,0.1876130806832312,407,702.3045630100274
249,ADMM,175.0,13,0.18682790731361198,536,698.7497752355451
250,ADMM,200.0,13,0.18316727243068034,541,690.4189699648111
251,ADMM,225.0,13,0.17882337771834317,550,682.2489735085398
252,MPPS,1.0,14,0.2697460864623264,799,403.6309457214417
253,MPPS,5.0,14,0.34244381158917137,798,342.6236368226566
254,MPPS,10.0,14,0.35437653893848337,468,349.3776740865477
255,MPPS,15.0,14,0.3598066758798542,712,356.19695668370076
256,MPPS,20.0,14,0.36674384008809247,799,363.3597723413878
257,MPPS,25.0,14,0.3750590013590497,799,369.4494375779818
258,ADMM,1.0,14,1.816315885974871,2399,5557.511192647416
259,ADMM,10.0,14,0.3358444352119865,2399,2233.82191568033
260,ADMM,100.0,14,0.31049236161974925,350,1053.2220973519688
261,ADMM,125.0,14,0.33090112451824627,328,1056.7897863173841
262,ADMM,140.0,14,0.3389418494285018,1518,1060.6113497546849
263,ADMM,145.0,14,0.3386729253011497,1389,1061.8972645477738
264,ADMM,150.0,14,0.3384148942439927,1427,1062.6389058065567
265,ADMM,155.0,14,0.3388073546500241,1463,1063.5098869208314
266,ADMM,160.0,14,0.33949024526029387,1503,1064.2795000429833
267,ADMM,175.0,14,0.34092947421088604,1578,1064.8911348827023
268,ADMM,200.0,14,0.34357013074549553,1694,1067.2178278488964
269,ADMM,225.0,14,0.343589797350058,1721,1071.0192082515655
270,MPPS,1.0,15,0.19559425635889824,320,423.40941397070037
271,MPPS,5.0,15,0.1404480851105617,133,246.12649595594218
272,MPPS,10.0,15,0.15040823983255905,193,213.61606189546708
273,MPPS,15.0,15,0.1572321048291954,269,207.39282194912136
274,MPPS,20.0,15,0.1614775032461907,339,208.03786543726244
275,MPPS,25.0,15,0.16297351261094872,446,208.78786041473273
276,ADMM,1.0,15,2.4360450402731537,2399,6850.344779302174
277,ADMM,10.0,15,0.4332103372433181,2399,3114.7291755296283
278,ADMM,100.0,15,0.1558041459110785,1118,809.6482561522961
279,ADMM,125.0,15,0.153672701849656,1183,762.4144607646384
280,ADMM,140.0,15,0.1611426700169421,1345,743.076569203223
281,ADMM,145.0,15,0.16281977650399365,1375,737.5504748754377
282,ADMM,150.0,15,0.16429971505461224,1515,732.5456281241572
283,ADMM,155.0,15,0.16486435617785028,1582,727.9075756447
284,ADMM,160.0,15,0.16509838660046128,1641,723.5026857888664
285,ADMM,175.0,15,0.16558165079971549,1656,712.567872826762
286,ADMM,200.0,15,0.16719567925296683,1757,697.838261078392
287,ADMM,225.0,15,0.16919228076400636,1949,687.1460254070378
288,MPPS,1.0,16,0.26765503025074644,799,941.0953251185556
289,MPPS,5.0,16,0.17719939238652757,417,380.2795569665708
290,MPPS,10.0,16,0.19532507404981517,532,323.6725789167273
291,MPPS,15.0,16,0.21229306992905722,714,316.742370953222
292,MPPS,20.0,16,0.22778658931468682,799,320.2262319794422
293,MPPS,25.0,16,0.23935480792521896,559,320.6518241400572
294,ADMM,1.0,16,3.0500021215481414,2399,7924.51551196575
295,ADMM,10.0,16,1.5183372956036545,2399,5618.021977258239
296,ADMM,100.0,16,0.16810677718545855,2190,1477.0645215944653
297,ADMM,125.0,16,0.17243042854552762,2072,1340.0780889950559
298,ADMM,140.0,16,0.17705224368769001,1964,1286.0559988063824
299,ADMM,145.0,16,0.17700474182163706,1967,1270.7847257820185
300,ADMM,150.0,16,0.17722643439678043,1994,1256.5001501676015
301,ADMM,155.0,16,0.1779993403792142,2002,1242.971615906138
302,ADMM,160.0,16,0.17856755394137977,2003,1230.5681582917457
303,ADMM,175.0,16,0.18151496053313643,2027,1199.8579581332583
304,ADMM,200.0,16,0.18915732079324987,2100,1161.9160566192045
305,ADMM,225.0,16,0.1942510600238732,2060,1134.378621780837
306,MPPS,1.0,17,0.15670699457272746,317,453.4874296714846
307,MPPS,5.0,17,0.1580354663775499,164,263.92195879199227
308,MPPS,10.0,17,0.16537223597695896,139,239.56240546587196
309,MPPS,15.0,17,0.17116797881400472,317,229.0847548568111
310,MPPS,20.0,17,0.17334450932729512,334,226.44719152921047
311,MPPS,25.0,17,0.175303529962609,562,226.47832939917487
312,ADMM,1.0,17,2.5419648530459744,2399,7203.616913729982
313,ADMM,10.0,17,0.63472248804173,2399,3673.2121136095952
314,ADMM,100.0,17,0.16034126543491997,499,911.0254521270073
315,ADMM,125.0,17,0.15954773182947066,679,876.2273825468761
316,ADMM,140.0,17,0.15995242462242099,670,858.3537385704612
317,ADMM,145.0,17,0.16265717077520642,667,852.8653450527461
318,ADMM,150.0,17,0.16592100327841333,669,847.236554878747
319,ADMM,155.0,17,0.16636067078767097,829,841.2836997527727
320,ADMM,160.0,17,0.16662465870575324,840,835.5336774120844
321,ADMM,175.0,17,0.16556821015943027,1003,819.4390408684642
322,ADMM,200.0,17,0.1621615305260923,1124,795.7543522752018
323,ADMM,225.0,17,0.16365263763105778,1171,775.9913049072217
324,MPPS,1.0,18,0.14625163104431,281,264.0190040717813
325,MPPS,5.0,18,0.15184554336290604,298,197.80397963318035
326,MPPS,10.0,18,0.1577058995113568,571,195.79726315945197
327,MPPS,15.0,18,0.1651117187643812,228,199.88014805642405
328,MPPS,20.0,18,0.1758246646698172,203,202.88217461773542
329,MPPS,25.0,18,0.17937135081037414,369,204.58222552240954
330,ADMM,1.0,18,1.6499698054148157,2399,5619.435646712021
331,ADMM,10.0,18,0.13634761285779304,1933,1571.917562582877
332,ADMM,100.0,18,0.140971910358842,1371,631.8916814730377
333,ADMM,125.0,18,0.14554946339199545,1494,626.0655987681835
334,ADMM,140.0,18,0.1465541022892762,1793,623.6518047700271
335,ADMM,145.0,18,0.14555322516176777,1769,622.635223587667
336,ADMM,150.0,18,0.1460953842367024,1849,621.8084104460756
337,ADMM,155.0,18,0.14617395207164588,1903,621.3047955675106
338,ADMM,160.0,18,0.14659938084320334,1960,620.9219484384581
339,ADMM,175.0,18,0.14817517928499188,2022,620.751729367325
340,ADMM,200.0,18,0.14972735981027155,2074,621.521622677415
341,ADMM,225.0,18,0.15287408306080877,2276,622.8356257132968
342,MPPS,1.0,19,0.14622164861733913,348,369.87447262914725
343,MPPS,5.0,19,0.1545645116671117,179,239.6319798166264
344,MPPS,10.0,19,0.17194105510951987,256,236.84283793647177
345,MPPS,15.0,19,0.19402964408003967,276,242.31696154962674
346,MPPS,20.0,19,0.20521181369023336,762,249.66377573939806
347,MPPS,25.0,19,0.214412290804761,799,255.89456967869094
348,ADMM,1.0,19,2.1987206101456893,2399,6774.942987863222
349,ADMM,10.0,19,0.3780852168732215,2399,2712.6274660484196
350,ADMM,100.0,19,0.16392133512916543,860,809.5046971563345
351,ADMM,125.0,19,0.16452659721645777,998,789.0417021543182
352,ADMM,140.0,19,0.16616189003818016,949,782.2756213295979
353,ADMM,145.0,19,0.16738972926630416,980,780.6786909725522
354,ADMM,150.0,19,0.16849311056506291,1025,779.3848384749712
355,ADMM,155.0,19,0.16902273337169935,823,778.2712097894237
356,ADMM,160.0,19,0.1691646274631531,821,777.4339863236089
357,ADMM,175.0,19,0.17087017492489517,836,776.4909135206572
358,ADMM,200.0,19,0.17330181122117885,994,776.8691176355492
359,ADMM,225.0,19,0.17883762843712545,1031,777.0258196797313
360,MPPS,1.0,20,0.17090064229373153,183,327.884686585306
361,MPPS,5.0,20,0.17196059027812596,265,211.74296647193935
362,MPPS,10.0,20,0.16441150491223516,226,200.39326785754574
363,MPPS,15.0,20,0.1676049608345603,380,197.48143760109997
364,MPPS,20.0,20,0.16930139527132876,455,195.94950821956138
365,MPPS,25.0,20,0.17038972904764388,589,195.0099802718735
366,ADMM,1.0,20,2.1002982230426896,2399,6293.054277526239
367,ADMM,10.0,20,0.1391680813441607,2313,2132.7200348991755
368,ADMM,100.0,20,0.15982979162848254,2259,676.0862606308795
369,ADMM,125.0,20,0.16407133538502552,2399,649.8719300388796
370,ADMM,140.0,20,0.1651690432613724,2375,641.0727457605744
371,ADMM,145.0,20,0.16599776608906788,2399,638.8431223114289
372,ADMM,150.0,20,0.1676802213818589,2399,637.0208204949228
373,ADMM,155.0,20,0.16897726091864512,2399,635.4914921833257
374,ADMM,160.0,20,0.1699613007140547,2387,633.9356498514785
375,ADMM,175.0,20,0.1710488653864633,1000,629.6728266872113
376,ADMM,200.0,20,0.1708975558594284,1042,623.3631991305544
377,ADMM,225.0,20,0.17278114473304435,1822,619.009227451355
378,MPPS,1.0,21,0.42080317884588536,799,1195.5176160191577
379,MPPS,5.0,21,0.21104867266215874,319,528.0577283309835
380,MPPS,10.0,21,0.2343915444810666,265,453.4337870545761
381,MPPS,15.0,21,0.2742601848088422,240,434.1068328513099
382,MPPS,20.0,21,0.2925513233666012,196,433.0451396786175
383,MPPS,25.0,21,0.31961929732132766,183,440.42977233751634
384,ADMM,1.0,21,3.2843516111706808,2399,8498.943658593636
385,ADMM,10.0,21,2.075376606574591,2399,6470.754650645786
386,ADMM,100.0,21,0.2419647424895823,1709,2071.3249774960436
387,ADMM,125.0,21,0.23739602460256382,1441,1910.9650658751084
388,ADMM,140.0,21,0.23382607933279567,1366,1845.3401578659455
389,ADMM,145.0,21,0.23231148742554322,1348,1826.2984551499653
390,ADMM,150.0,21,0.2317132252295359,1362,1808.362472115811
391,ADMM,155.0,21,0.23277237140860013,1366,1791.0401084118018
392,ADMM,160.0,21,0.23618951183517187,1326,1774.727184255155
393,ADMM,175.0,21,0.2445217458111879,1314,1729.6014539269604
394,ADMM,200.0,21,0.25638265521452214,1182,1672.6582432312944
395,ADMM,225.0,21,0.26281501188725664,1155,1631.3698410202396
396,MPPS,1.0,22,0.351847228376418,635,776.422581255997
397,MPPS,5.0,22,0.24541550796397166,188,436.0410120645795
398,MPPS,10.0,22,0.253222678718467,143,405.02701653208567
399,MPPS,15.0,22,0.3038129294081846,146,398.19786872997076
400,MPPS,20.0,22,0.33211026522178266,129,393.5092941067952
401,MPPS,25.0,22,0.34291354988766404,123,391.222893655973
402,ADMM,1.0,22,3.126944954076722,2399,8296.058171141045
403,ADMM,10.0,22,1.260318595387792,2399,5096.781012681553
404,ADMM,100.0,22,0.28553236827678513,965,1597.4201507614505
405,ADMM,125.0,22,0.2868159870301973,789,1495.1646311766744
406,ADMM,140.0,22,0.28350661467471633,752,1450.0527670648712
407,ADMM,145.0,22,0.2833584221693157,750,1437.248198502216
408,ADMM,150.0,22,0.28309980221527226,728,1425.2619496653601
409,ADMM,155.0,22,0.28247388630634385,723,1414.2468605965764
410,ADMM,160.0,22,0.2822858925815147,716,1404.0738224889565
411,ADMM,175.0,22,0.28406665705994677,701,1379.2505639505455
412,ADMM,200.0,22,0.29032824621767445,606,1349.6608348020436
413,ADMM,225.0,22,0.285415453481377,573,1329.8675357456395
414,MPPS,1.0,23,0.18559272681263436,377,440.9296751643391
415,MPPS,5.0,23,0.19035358614091172,98,281.9302819960664
416,MPPS,10.0,23,0.18341612928342804,184,249.72649229597138
417,MPPS,15.0,23,0.18134814685582354,181,234.81252801341566
418,MPPS,20.0,23,0.1805310391279261,198,227.45205772446883
419,MPPS,25.0,23,0.18114966058633641,247,223.6516450596037
420,ADMM,1.0,23,2.2976128900500883,2399,6740.619766833183
421,ADMM,10.0,23,0.43470187755529194,2399,3116.26011247419
422,ADMM,100.0,23,0.1870973610266484,2373,936.6191747304208
423,ADMM,125.0,23,0.1895174181734101,2396,898.6429803370977
424,ADMM,140.0,23,0.19648949785208544,2399,881.361353536394
425,ADMM,145.0,23,0.20111585733240006,2399,875.600133454922
426,ADMM,150.0,23,0.20236508963455174,361,869.6741931969009
427,ADMM,155.0,23,0.2040149422420872,354,863.9009491584106
428,ADMM,160.0,23,0.20460977863372598,813,857.902470184397
429,ADMM,175.0,23,0.20312282855796795,785,840.7919612228083
430,ADMM,200.0,23,0.2017305859506114,790,818.0143111651921
431,ADMM,225.0,23,0.2007966645244784,720,795.9184816404764
432,MPPS,1.0,24,0.17806220501261066,392,476.2822066425071
433,MPPS,5.0,24,0.1757174459617494,164,274.3731821478973
434,MPPS,10.0,24,0.17267438350991468,206,235.2291713526643
435,MPPS,15.0,24,0.174298204384316,305,219.54427786087993
436,MPPS,20.0,24,0.17304017711252764,222,212.83104846422742
437,MPPS,25.0,24,0.17229981835855515,220,209.93477489113724
438,ADMM,1.0,24,2.560490260341264,2399,7619.273015169014
439,ADMM,10.0,24,0.6477672726772116,2399,3621.00712021902
440,ADMM,100.0,24,0.18407060642292866,679,961.4847336178666
441,ADMM,125.0,24,0.17370636219470706,616,899.2957543715384
442,ADMM,140.0,24,0.17242315631311544,589,869.4334653354834
443,ADMM,145.0,24,0.17310783954375675,586,860.5048941967927
444,ADMM,150.0,24,0.1737307844939601,591,852.0476396518184
445,ADMM,155.0,24,0.1739448756594215,589,843.5859544355017
446,ADMM,160.0,24,0.17443054373014621,588,835.7031922723309
447,ADMM,175.0,24,0.17433576643598994,594,814.8752082873539
448,ADMM,200.0,24,0.17632705900025933,580,787.6780676633175
449,ADMM,225.0,24,0.17641824195931788,759,765.3226100463091
450,MPPS,1.0,25,0.37841447681624424,350,595.2846153880689
451,MPPS,5.0,25,0.2731674893303121,146,394.3139249299394
452,MPPS,10.0,25,0.28086751360474427,136,365.4543076490708
453,MPPS,15.0,25,0.298929366057901,238,346.0696949342012
454,MPPS,20.0,25,0.29563273873706675,271,334.54404078907504
455,MPPS,25.0,25,0.2961013978797487,181,330.0747947256983
456,ADMM,1.0,25,2.5815431144656475,2399,7277.208283463113
457,ADMM,10.0,25,0.6917020902756869,2399,3599.9672075520775
458,ADMM,100.0,25,0.32169187515220166,590,1354.7041759819194
459,ADMM,125.0,25,0.3305501178814237,577,1290.705044918385
460,ADMM,140.0,25,0.3310306595103837,563,1258.5234182406236
461,ADMM,145.0,25,0.3309443418354429,411,1249.4127306247833
462,ADMM,150.0,25,0.32599454799918176,400,1241.4142139158773
463,ADMM,155.0,25,0.3200202226734101,357,1234.2089860555552
464,ADMM,160.0,25,0.3120029717427249,354,1227.5009596030468
465,ADMM,175.0,25,0.2892797077181427,342,1210.964898223764
466,ADMM,200.0,25,0.2726625095599787,328,1188.8719468114446
467,ADMM,225.0,25,0.2746152923075485,309,1169.2585909534446
468,MPPS,1.0,26,0.17086135431720936,478,668.3895763825217
469,MPPS,5.0,26,0.20142862332808303,706,305.4032414034871
470,MPPS,10.0,26,0.2147836726719119,397,288.3166990137532
471,MPPS,15.0,26,0.19050656726352408,238,281.4517284677647
472,MPPS,20.0,26,0.19402186210138964,216,280.0376936169318
473,MPPS,25.0,26,0.2095550140600914,160,282.1948331399699
474,ADMM,1.0,26,3.082856984145204,2399,8241.584662222676
475,ADMM,10.0,26,0.9758724683413856,2399,4938.2210987451635
476,ADMM,100.0,26,0.19256331523616962,1664,1093.4644183495764
477,ADMM,125.0,26,0.19616543447025053,2014,1033.009557756799
478,ADMM,140.0,26,0.19962933967161298,1903,1006.4072996398353
479,ADMM,145.0,26,0.20081541456727395,1986,1000.1715954624256
480,ADMM,150.0,26,0.20194626381456698,2075,994.515197250985
481,ADMM,155.0,26,0.20283004996409723,2146,989.4402499920884
482,ADMM,160.0,26,0.20332587842752195,2246,985.029604418047
483,ADMM,175.0,26,0.20457981879117562,2399,976.06866300752
484,ADMM,200.0,26,0.2115506089166482,2399,967.9912506988769
485,ADMM,225.0,26,0.22593457455851124,2399,963.2598876756504
486,MPPS,1.0,27,0.35248380599163226,293,429.12381478755606
487,MPPS,5.0,27,0.27907030651855524,649,332.45405574449603
488,MPPS,10.0,27,0.27275927201723904,697,335.46725942982613
489,MPPS,15.0,27,0.2756094058040264,777,347.3899727521558
490,MPPS,20.0,27,0.29862002233246077,799,358.45406406469135
491,MPPS,25.0,27,0.3189202170084681,479,361.4484868185111
492,ADMM,1.0,27,1.7145983919361456,2399,5737.537746282556
493,ADMM,10.0,27,0.2920826128081575,2399,2003.7462806532135
494,ADMM,100.0,27,0.30984696306260845,2285,1076.771157876461
495,ADMM,125.0,27,0.29620765186825465,2399,1057.3714573722443
496,ADMM,140.0,27,0.2921272491906991,2399,1050.7267051912427
497,ADMM,145.0,27,0.29032218164691787,2399,1049.4505286698945
498,ADMM,150.0,27,0.2880642175916658,2399,1048.7904012248143
499,ADMM,155.0,27,0.28668290100768434,2399,1048.4289386003488
500,ADMM,160.0,27,0.2856804002571077,2399,1048.2488680847812
501,ADMM,175.0,27,0.28331612939727957,2399,1047.7673659830486
502,ADMM,200.0,27,0.27998244529395866,2399,1049.3220837317342
503,ADMM,225.0,27,0.276504700295318,2399,1051.5439617387005
504,MPPS,1.0,28,0.30601465372430703,271,480.6962788272426
505,MPPS,5.0,28,0.3825400354696519,393,409.78850123712505
506,MPPS,10.0,28,0.3594363908283648,305,397.1706892992421
507,MPPS,15.0,28,0.3635465946500917,410,383.43415451842316
508,MPPS,20.0,28,0.356170078143829,538,381.50922745611877
509,MPPS,25.0,28,0.3590408540375862,537,384.2768969670827
510,ADMM,1.0,28,2.0511150618205036,2399,6459.177840459761
511,ADMM,10.0,28,0.3890046258118199,2399,2496.869025246272
512,ADMM,100.0,28,0.3369391538806308,509,1355.719126385649
513,ADMM,125.0,28,0.3561825347150283,519,1349.5472403315364
514,ADMM,140.0,28,0.36614378021591865,515,1340.3614800188602
515,ADMM,145.0,28,0.36898900794386313,512,1336.087400506301
516,ADMM,150.0,28,0.3718084539775463,509,1331.0918162457529
517,ADMM,155.0,28,0.3735226116582504,507,1325.8622310023356
518,ADMM,160.0,28,0.3746506950850929,504,1320.8402697406311
519,ADMM,175.0,28,0.3808717558656042,497,1306.7492411081912
520,ADMM,200.0,28,0.38864822951549327,1052,1285.396656534974
521,ADMM,225.0,28,0.3748130610719702,1100,1265.088273110776
522,MPPS,1.0,29,0.1580649531997664,266,372.899727429824
523,MPPS,5.0,29,0.16553336018868856,500,233.5796180840206
524,MPPS,10.0,29,0.1745513557053657,777,233.92339096879124
525,MPPS,15.0,29,0.18737306022883443,710,242.46853678120289
526,MPPS,20.0,29,0.1910308141717494,799,251.2841514740265
527,MPPS,25.0,29,0.20290647571605228,799,260.1303805032706
528,ADMM,1.0,29,2.0813864155878066,2399,6304.806622749515
529,ADMM,10.0,29,0.15324975693806764,2399,2541.745633573367
530,ADMM,100.0,29,0.15304221466683776,2398,796.5794225278688
531,ADMM,125.0,29,0.1605659613141299,2399,767.3994581790646
532,ADMM,140.0,29,0.16362460644146723,2399,757.2351681495977
533,ADMM,145.0,29,0.1637752808806081,1655,754.6577243510877
534,ADMM,150.0,29,0.16379436420399782,1690,752.7473993295937
535,ADMM,155.0,29,0.1641813668276354,1738,751.1717568770076
536,ADMM,160.0,29,0.16466230006218163,1772,749.7789452829084
537,ADMM,175.0,29,0.16500009079674846,2399,746.5423175456026
538,ADMM,200.0,29,0.16784513188030128,2346,747.3841964715814
539,ADMM,225.0,29,0.17009811625222243,2399,752.7477618382754
540,MPPS,1.0,30,0.2108639294967983,522,499.02287680057975
541,MPPS,5.0,30,0.20251705696212946,230,320.1846017474229
542,MPPS,10.0,30,0.21033906459016624,199,293.41940036896915
543,MPPS,15.0,30,0.22986452809931673,369,287.23591134328046
544,MPPS,20.0,30,0.2382383017206753,480,284.328896418387
545,MPPS,25.0,30,0.24119741033189993,532,285.88245274602474
546,ADMM,1.0,30,2.0840526074778323,2399,6090.986261950661
547,ADMM,10.0,30,0.8291987435335183,2399,3495.655139124486
548,ADMM,100.0,30,0.20308956473716963,898,1116.3447050083141
549,ADMM,125.0,30,0.19256343378251792,903,1068.976580823634
550,ADMM,140.0,30,0.196217112477752,913,1046.0151596852963
551,ADMM,145.0,30,0.19889635709396608,902,1039.1090280940346
552,ADMM,150.0,30,0.20091851597043683,849,1032.6145784819114
553,ADMM,155.0,30,0.20382014471983861,851,1026.481185570577
554,ADMM,160.0,30,0.20673449194165397,845,1020.8251672769786
555,ADMM,175.0,30,0.21469831671663883,840,1006.1861161570474
556,ADMM,200.0,30,0.2271359846367802,708,988.0564598199624
557,ADMM,225.0,30,0.22764080984250204,1449,973.0653826967585
558,MPPS,1.0,31,0.13860163573302955,269,284.5753041536589
559,MPPS,5.0,31,0.14875448383453976,258,188.59349767126753
560,MPPS,10.0,31,0.13476353269492802,173,178.82390839789338
561,MPPS,15.0,31,0.13821468370972972,170,171.68796622866597
562,MPPS,20.0,31,0.13909335138934106,165,168.51265988458198
563,MPPS,25.0,31,0.14221460932688706,165,168.03689130711686
564,ADMM,1.0,31,1.600336430107217,2399,5272.168137397747
565,ADMM,10.0,31,0.17954516374204488,2399,1892.3462452663284
566,ADMM,100.0,31,0.14324458919526137,472,631.271593165515
567,ADMM,125.0,31,0.14779540286929269,992,605.0357247107357
568,ADMM,140.0,31,0.14796939196826697,701,593.2712730574422
569,ADMM,145.0,31,0.14781344378513228,688,589.8067792697043
570,ADMM,150.0,31,0.14698829820152215,684,586.445821431945
571,ADMM,155.0,31,0.14659455836127266,685,583.3232354416353
572,ADMM,160.0,31,0.1466356299548382,677,580.2455922271029
573,ADMM,175.0,31,0.14691785498388205,667,570.1391371440975
574,ADMM,200.0,31,0.1497759018039717,1361,556.1964467483856
575,ADMM,225.0,31,0.1497983277863309,1534,545.971366922034
576,MPPS,1.0,32,0.191371756664185,187,276.98909885566616
577,MPPS,5.0,32,0.14714655996715556,137,211.63208318056553
578,MPPS,10.0,32,0.14728159444972105,110,195.33525105007342
579,MPPS,15.0,32,0.1543682579158513,108,191.21617284181193
580,MPPS,20.0,32,0.15732241075385153,163,189.9531941309261
581,MPPS,25.0,32,0.15769844748191317,108,190.27033333280735
582,ADMM,1.0,32,1.3530024164304255,2399,4813.92378480242
583,ADMM,10.0,32,0.1685261254070952,2399,1408.1798634863446
584,ADMM,100.0,32,0.16106922053683134,532,632.735595099475
585,ADMM,125.0,32,0.16084202054530983,496,616.9806573408237
586,ADMM,140.0,32,0.16096717590329346,483,610.3355186806954
587,ADMM,145.0,32,0.1611736248873504,479,608.0236041459273
588,ADMM,150.0,32,0.16046373992328902,476,606.0527437604028
589,ADMM,155.0,32,0.15973665294025022,475,604.3076983776474
590,ADMM,160.0,32,0.15942881254137148,478,602.7318863693963
591,ADMM,175.0,32,0.1582573555041015,468,599.3918851583674
592,ADMM,200.0,32,0.1578298090093474,455,596.0054421805811
593,ADMM,225.0,32,0.15842496977178563,442,593.2606455465348
594,MPPS,1.0,33,0.16295008989752258,332,310.7443766981378
595,MPPS,5.0,33,0.15925778199371643,424,205.03236410682518
596,MPPS,10.0,33,0.15734631191348786,126,191.56824858040778
597,MPPS,15.0,33,0.16646880357071844,552,189.80618264324968
598,MPPS,20.0,33,0.16037783999026706,156,189.83156540792754
599,MPPS,25.0,33,0.16800965905016807,155,190.24804026000038
600,ADMM,1.0,33,1.8649534308991786,2399,5733.1738568788705
601,ADMM,10.0,33,0.22204205080349879,2399,2041.1745075838928
602,ADMM,100.0,33,0.16694660280328555,949,698.9061891907611
603,ADMM,125.0,33,0.16228177720975356,967,665.608164052552
604,ADMM,140.0,33,0.16162650502085155,1019,649.6742226479265
605,ADMM,145.0,33,0.1623703471562368,1023,644.8180441243351
606,ADMM,150.0,33,0.1632365232342492,1080,640.2685568409113
607,ADMM,155.0,33,0.16246654586438217,1481,636.1855382799961
608,ADMM,160.0,33,0.16170737672018842,1532,632.5569797272278
609,ADMM,175.0,33,0.1596795906506739,1307,623.5955586447603
610,ADMM,200.0,33,0.15845377451878143,1406,611.4835639640228
611,ADMM,225.0,33,0.1587140890405369,1484,603.3571307512912
612,MPPS,1.0,34,2.2511520414948185,799,2481.7039809307553
613,MPPS,5.0,34,0.46801511673062074,658,1142.7892338173665
614,MPPS,10.0,34,0.42657780114355043,421,850.28458119208
615,MPPS,15.0,34,0.4448118376646404,723,772.9064332081872
616,MPPS,20.0,34,0.426377086234084,293,751.2556441921183
617,MPPS,25.0,34,0.3869113357840123,272,735.6773691117719
618,ADMM,1.0,34,4.14363323006711,2399,10164.722124148077
619,ADMM,10.0,34,3.381376654935499,2399,9063.854398290408
620,ADMM,100.0,34,0.678369339645719,2399,4623.543366154741
621,ADMM,125.0,34,0.5298679408620827,2399,4067.7893200976714
622,ADMM,140.0,34,0.4957117329732768,2399,3816.109609831157
623,ADMM,145.0,34,0.49071301945256807,2391,3741.0435997786562
624,ADMM,150.0,34,0.4849098746181223,2333,3669.869189836446
625,ADMM,155.0,34,0.4805420420450442,2271,3602.299583441223
626,ADMM,160.0,34,0.47566621674771353,2209,3538.3794803321393
627,ADMM,175.0,34,0.4677950457382382,2084,3369.666876173861
628,ADMM,200.0,34,0.4497771088572235,1868,3153.279421962282
629,ADMM,225.0,34,0.43190127755640806,1753,3004.982102239191
630,MPPS,1.0,35,0.3480351912090631,375,616.3580818240372
631,MPPS,5.0,35,0.4026154261533165,228,443.0890285522621
632,MPPS,10.0,35,0.42085473086977926,668,431.0430586864513
633,MPPS,15.0,35,0.43043686218490956,78,432.2846114604206
634,MPPS,20.0,35,0.43986609437132185,333,432.4782345232572
635,MPPS,25.0,35,0.4265436416672213,133,431.76237738794015
636,ADMM,1.0,35,2.6931322968716245,2399,7600.454054563337
637,ADMM,10.0,35,0.6853124141661706,2399,3912.152666996625
638,ADMM,100.0,35,0.4146204078187449,1027,1484.5338089723732
639,ADMM,125.0,35,0.4185425083500253,1573,1446.9432992632699
640,ADMM,140.0,35,0.41957314095844506,1300,1429.8895506315152
641,ADMM,145.0,35,0.4203149771242571,1361,1424.6919629978354
642,ADMM,150.0,35,0.41899434574397737,1438,1419.9376726853025
643,ADMM,155.0,35,0.41830871074349824,1463,1415.7723957192602
644,ADMM,160.0,35,0.4185246668284738,1483,1412.0309198184568
645,ADMM,175.0,35,0.4220877585557496,1564,1402.9444029580957
646,ADMM,200.0,35,0.4313352266006419,1832,1392.2631748806575
647,ADMM,225.0,35,0.4329089129293345,2399,1384.3270075707958
648,MPPS,1.0,36,0.21296132130659198,153,316.0105979799731
649,MPPS,5.0,36,0.26474456476221875,100,283.4787636194298
650,MPPS,10.0,36,0.26512396979895486,105,289.25050206324676
651,MPPS,15.0,36,0.2768025108376348,103,292.66620001233406
652,MPPS,20.0,36,0.27885218153568925,149,293.199601630785
653,MPPS,25.0,36,0.2763671210606056,145,291.2966849468162
654,ADMM,1.0,36,1.3024554457314559,2399,4603.236380647138
655,ADMM,10.0,36,0.29832083257927317,1584,1486.2385805652557
656,ADMM,100.0,36,0.20901244160341478,324,919.0650542553184
657,ADMM,125.0,36,0.22434626123576232,315,907.751653821938
658,ADMM,140.0,36,0.23357154544333306,312,902.7091217301448
659,ADMM,145.0,36,0.23629473664788217,313,901.1018187562473
660,ADMM,150.0,36,0.23867758054470364,314,899.2324424771332
661,ADMM,155.0,36,0.24014531057616884,315,897.2728866704158
662,ADMM,160.0,36,0.24128055506204718,311,895.4891566641268
663,ADMM,175.0,36,0.2441448145365645,429,891.3482561340584
664,ADMM,200.0,36,0.24543912578534893,434,886.2150552094876
665,ADMM,225.0,36,0.2441381799181948,442,882.1734114979954
666,MPPS,1.0,37,0.2892232683927502,798,699.7003209155653
667,MPPS,5.0,37,0.24354978372712716,335,386.3948956741167
668,MPPS,10.0,37,0.2745700485253886,685,361.5018104007069
669,MPPS,15.0,37,0.2949632942498189,798,362.2019896762223
670,MPPS,20.0,37,0.31384936986408324,796,368.34497975936824
671,MPPS,25.0,37,0.323885663475466,561,371.6279775990048
672,ADMM,1.0,37,2.293387900738929,2399,6817.663446164697
673,ADMM,10.0,37,1.0486989912581555,2399,3826.036829613484
674,ADMM,100.0,37,0.26669745289087066,1326,1406.954420622353
675,ADMM,125.0,37,0.2798691094227482,1229,1354.8486183748776
676,ADMM,140.0,37,0.285517329015835,1272,1334.882857390505
677,ADMM,145.0,37,0.28760637963790797,1317,1328.5350969729302
678,ADMM,150.0,37,0.2911359646454075,1357,1322.3907118504796
679,ADMM,155.0,37,0.29249946946700967,1109,1316.1664603520326
680,ADMM,160.0,37,0.292738778056279,1138,1310.3793790226193
681,ADMM,175.0,37,0.2959170769972914,1171,1295.7667301298234
682,ADMM,200.0,37,0.30516100145673436,1294,1276.1607292841686
683,ADMM,225.0,37,0.3092728162298924,1259,1262.1097550679679
684,MPPS,1.0,38,0.19839012609919285,286,365.5552501303812
685,MPPS,5.0,38,0.17009752611079382,191,244.1507589456633
686,MPPS,10.0,38,0.17660811791818973,163,218.92160564849996
687,MPPS,15.0,38,0.17990222570445094,332,211.53947632095642
688,MPPS,20.0,38,0.1802877404364948,402,210.38538298342974
689,MPPS,25.0,38,0.184182380207956,448,212.05914075883015
690,ADMM,1.0,38,2.252165339402566,2399,6792.290981694039
691,ADMM,10.0,38,0.3017302645258839,2399,2596.378833286334
692,ADMM,100.0,38,0.17104838459886432,1177,793.4614960695877
693,ADMM,125.0,38,0.16547365283891127,742,756.1711372914974
694,ADMM,140.0,38,0.1656133874453233,745,740.2045125340462
695,ADMM,145.0,38,0.16739899743474923,749,735.6665187171507
696,ADMM,150.0,38,0.17081528118275283,749,731.3148400729283
697,ADMM,155.0,38,0.171987143489892,1162,727.0225185601269
698,ADMM,160.0,38,0.17272072675338437,1063,722.6894617365093
699,ADMM,175.0,38,0.17268489164105472,1072,711.1204986324337
700,ADMM,200.0,38,0.17441917217796243,1140,695.655767965209
701,ADMM,225.0,38,0.1786638093589986,1588,684.2742976047206
702,MPPS,1.0,39,0.2506492863634181,416,356.64071170676436
703,MPPS,5.0,39,0.24160872397478173,788,281.6830890127229
704,MPPS,10.0,39,0.2721332307154891,452,284.2939435146579
705,MPPS,15.0,39,0.27071158311633486,148,279.73015496449136
706,MPPS,20.0,39,0.26624390145043486,221,278.8502613200021
707,MPPS,25.0,39,0.25813882460017246,133,277.9370043218566
708,ADMM,1.0,39,1.915947585416636,2399,6201.2892224471825
709,ADMM,10.0,39,0.20577406916608293,2049,1976.6070346963959
710,ADMM,100.0,39,0.22107770529345655,1558,873.6720365548339
711,ADMM,125.0,39,0.23025328364770475,1912,864.228480944156
712,ADMM,140.0,39,0.23467567783274004,2348,862.9642175980836
713,ADMM,145.0,39,0.23574512564054312,2398,863.2753641317702
714,ADMM,150.0,39,0.2370985377074657,2399,863.395163761033
715,ADMM,155.0,39,0.23817796385924914,2394,863.5262340093598
716,ADMM,160.0,39,0.23969714748392718,2399,863.387453956328
717,ADMM,175.0,39,0.24199611685831315,2399,863.0967194078596
718,ADMM,200.0,39,0.24762860130552472,2399,863.0477225044682
719,ADMM,225.0,39,0.2613303929871438,2399,861.953327314899
720,MPPS,1.0,40,0.3039586042710058,262,431.03103093608405
721,MPPS,5.0,40,0.2521157763440819,137,320.30516578663753
722,MPPS,10.0,40,0.25403524150174545,194,305.45396423823183
723,MPPS,15.0,40,0.26827512177677704,177,304.65067106678674
724,MPPS,20.0,40,0.27559016454072494,157,303.6014820416358
725,MPPS,25.0,40,0.2782682057341141,156,304.10911045612477
726,ADMM,1.0,40,1.9883537799731885,2399,6281.016638176381
727,ADMM,10.0,40,0.31457738235572036,2399,2328.4043932049035
728,ADMM,100.0,40,0.2569827571816352,604,1006.309597195487
729,ADMM,125.0,40,0.26956500036651976,581,971.1398934438791
730,ADMM,140.0,40,0.2747487198004881,586,956.7473383483294
731,ADMM,145.0,40,0.27501721406281626,491,953.2125943558416
732,ADMM,150.0,40,0.27540484799667564,487,949.5997226601343
733,ADMM,155.0,40,0.27627295330922896,482,946.2805862204082
734,ADMM,160.0,40,0.27743545146305365,478,943.3647585101961
735,ADMM,175.0,40,0.27784348529658753,617,935.377483826212
736,ADMM,200.0,40,0.2765048285235699,604,926.8853894571569
737,ADMM,225.0,40,0.2743811666873749,753,921.5972038601699
738,MPPS,1.0,41,0.13148506443428204,350,451.6488888972343
739,MPPS,5.0,41,0.14181082940268833,127,244.88261913806744
740,MPPS,10.0,41,0.14944545824071157,332,219.74354185854315
741,MPPS,15.0,41,0.14984228316401232,281,210.37337364618642
742,MPPS,20.0,41,0.1523444145112854,363,206.3535964910964
743,MPPS,25.0,41,0.1529489894438764,430,204.33284799974638
744,ADMM,1.0,41,2.565479939104056,2399,7104.717764883293
745,ADMM,10.0,41,0.6102547936010866,2399,3659.9843165630255
746,ADMM,100.0,41,0.14489179274245886,677,858.8603764323714
747,ADMM,125.0,41,0.1487832409862428,676,806.183090297403
748,ADMM,140.0,41,0.15155575536572952,806,786.3837600310558
749,ADMM,145.0,41,0.15225640562572332,797,780.9238136835817
750,ADMM,150.0,41,0.15369882137853408,782,775.7968901357514
751,ADMM,155.0,41,0.15451573746702835,774,771.3534797971188
752,ADMM,160.0,41,0.15468185513058577,1991,767.2260774358599
753,ADMM,175.0,41,0.1547601426136159,2211,755.9849339309384
754,ADMM,200.0,41,0.15269807079711217,1146,740.7930962271781
755,ADMM,225.0,41,0.15117021789520532,1230,728.1319588932732
756,MPPS,1.0,42,0.42952096448161237,799,564.1823107710354
757,MPPS,5.0,42,0.36777760417052513,495,414.3747697837232
758,MPPS,10.0,42,0.36460928396922576,341,406.9965587826962
759,MPPS,15.0,42,0.34939588178863007,299,397.8061776013656
760,MPPS,20.0,42,0.3530436079044826,330,392.5741335464598
761,MPPS,25.0,42,0.3580643005110525,255,391.9317333161364
762,ADMM,1.0,42,1.5856346337661853,2399,5235.297444174697
763,ADMM,10.0,42,0.789676584746592,2399,2678.4319930504425
764,ADMM,100.0,42,0.39236614353961113,2380,1436.3693603079162
765,ADMM,125.0,42,0.389898023805332,2233,1397.1302118999695
766,ADMM,140.0,42,0.38444065475838,1606,1378.4262160126852
767,ADMM,145.0,42,0.3825892615149479,1657,1372.477711079266
768,ADMM,150.0,42,0.3810633379091933,1448,1366.8663788489275
769,ADMM,155.0,42,0.3779589174261182,1476,1361.598022225954
770,ADMM,160.0,42,0.3759596314563848,1489,1356.648513283778
771,ADMM,175.0,42,0.3727179255121693,1593,1343.091705595534
772,ADMM,200.0,42,0.3657703311890007,1391,1323.714460888521
773,ADMM,225.0,42,0.3637626992991663,1451,1307.0166039124833
774,MPPS,1.0,43,0.2977676936456558,795,601.8888824517977
775,MPPS,5.0,43,0.23923125960981273,292,385.47237408563774
776,MPPS,10.0,43,0.22803927409999145,261,362.94253179320344
777,MPPS,15.0,43,0.22981483391880678,259,353.9212539250909
778,MPPS,20.0,43,0.2363144125944264,276,349.0102165932368
779,MPPS,25.0,43,0.25350486481303885,239,347.6251313193591
780,ADMM,1.0,43,2.293062890892849,2399,6790.001728881462
781,ADMM,10.0,43,0.9494381591861548,2399,3647.882426571174
782,ADMM,100.0,43,0.25279058652897557,1359,1319.6809399459248
783,ADMM,125.0,43,0.2507166305752776,1219,1268.2909628024872
784,ADMM,140.0,43,0.2480853433700569,1191,1252.3444506619996
785,ADMM,145.0,43,0.24790486983563656,1172,1247.9296103142437
786,ADMM,150.0,43,0.24816115566076274,1138,1243.7031102861965
787,ADMM,155.0,43,0.24728296167993227,1146,1239.6439389435714
788,ADMM,160.0,43,0.24711254518333983,1164,1235.5048428058276
789,ADMM,175.0,43,0.24665037724195077,1113,1224.417125928273
790,ADMM,200.0,43,0.24202483254233692,1103,1208.3970607068572
791,ADMM,225.0,43,0.23795915586064975,1091,1194.821339213594
792,MPPS,1.0,44,0.20724722540740528,350,485.4257749468548
793,MPPS,5.0,44,0.2345219256508989,552,290.3096094991098
794,MPPS,10.0,44,0.2412459906374266,621,267.5103539663428
795,MPPS,15.0,44,0.2524921297651854,85,266.2117284784167
796,MPPS,20.0,44,0.24840177365921767,153,263.8614830967448
797,MPPS,25.0,44,0.23853631341313802,141,262.5218569696185
798,ADMM,1.0,44,2.2895281671746375,2399,6693.536182272249
799,ADMM,10.0,44,0.49381902922047083,2399,3268.568777313657
800,ADMM,100.0,44,0.23822546380045959,1684,1005.3411967865379
801,ADMM,125.0,44,0.23711455226770198,2084,946.2881245489089
802,ADMM,140.0,44,0.2370300562301272,2281,921.6837950829895
803,ADMM,145.0,44,0.23723786976082725,2362,915.3105962427926
804,ADMM,150.0,44,0.2378379401272437,2399,909.7953866408131
805,ADMM,155.0,44,0.23954212000636613,2399,904.5759795960159
806,ADMM,160.0,44,0.24247877824651198,1914,899.6495157224115
807,ADMM,175.0,44,0.2424257129748391,2103,885.2894663434694
808,ADMM,200.0,44,0.24268365811599152,2209,867.2823175522312
809,ADMM,225.0,44,0.2431759189699666,2397,854.8592801036352
810,MPPS,1.0,45,0.16900319852294057,280,315.6956802357329
811,MPPS,5.0,45,0.1547751732948291,147,215.1419390561345
812,MPPS,10.0,45,0.14550562297453756,135,201.84836925373463
813,MPPS,15.0,45,0.14886616384616708,132,198.57455831542737
814,MPPS,20.0,45,0.14909070662142893,161,196.16902492864173
815,MPPS,25.0,45,0.15946236915918052,219,194.43062217323478
816,ADMM,1.0,45,1.8866541274093103,2399,5917.245397989072
817,ADMM,10.0,45,0.16122355108773742,2399,1977.9914912955678
818,ADMM,100.0,45,0.14698909649911598,683,691.0631365053617
819,ADMM,125.0,45,0.15030016258335704,537,664.9311702897288
820,ADMM,140.0,45,0.15102201993713096,516,655.353078807771
821,ADMM,145.0,45,0.15105997959585662,511,652.7104182706614
822,ADMM,150.0,45,0.1509967740883807,510,650.05316712679
823,ADMM,155.0,45,0.15116791218677997,546,647.4687276827169
824,ADMM,160.0,45,0.15094117789822453,541,644.982323682608
825,ADMM,175.0,45,0.148872674111311,514,638.0204399789085
826,ADMM,200.0,45,0.14466768699646396,506,628.2360092792416
827,ADMM,225.0,45,0.1418090372621063,502,621.672486077428
828,MPPS,1.0,46,0.22917506637251542,274,301.7516667844598
829,MPPS,5.0,46,0.21651896312372335,93,254.06233676571784
830,MPPS,10.0,46,0.20734666618226377,109,243.86321174123054
831,MPPS,15.0,46,0.193904644881668,102,241.00666602481454
832,MPPS,20.0,46,0.2097855904362944,91,244.1216100982276
833,MPPS,25.0,46,0.2144480548093809,89,248.28396853470238
834,ADMM,1.0,46,1.6191276964893586,2399,5382.55940575933
835,ADMM,10.0,46,0.225696911428505,2399,1613.2501778292274
836,ADMM,100.0,46,0.22668203560936304,531,795.4793667699289
837,ADMM,125.0,46,0.22493307439889465,526,778.0326922390234
838,ADMM,140.0,46,0.22049525300413686,345,768.4744114992602
839,ADMM,145.0,46,0.21867157477604177,342,765.1743260992542
840,ADMM,150.0,46,0.2169536242330855,338,762.1612765093377
841,ADMM,155.0,46,0.21575220727467306,336,759.4552940770305
842,ADMM,160.0,46,0.2151654952853692,334,756.5628323619746
843,ADMM,175.0,46,0.216424773139926,328,749.352672882442
844,ADMM,200.0,46,0.22172890953631252,677,740.3605395190232
845,ADMM,225.0,46,0.22546434274760338,668,734.2165085877571
846,MPPS,1.0,47,0.1516024064790339,335,324.0719106557537
847,MPPS,5.0,47,0.15835686407984226,157,217.2293544832712
848,MPPS,10.0,47,0.16144436015765729,251,208.56564132938308
849,MPPS,15.0,47,0.16963012616053677,268,205.8240260842107
850,MPPS,20.0,47,0.1734793792028047,629,206.93030204390064
851,MPPS,25.0,47,0.1755794038503863,374,209.71901662817538
852,ADMM,1.0,47,1.8384700947427903,2399,5777.668971142712
853,ADMM,10.0,47,0.20282522157804805,2399,2129.256355803347
854,ADMM,100.0,47,0.15286268352112634,1839,736.5316365498686
855,ADMM,125.0,47,0.15480676211468614,2118,710.8791272686117
856,ADMM,140.0,47,0.15620020841628962,2318,699.996991817347
857,ADMM,145.0,47,0.15670065690150659,2383,696.9318923148131
858,ADMM,150.0,47,0.1578263814217997,2399,694.1149539413534
859,ADMM,155.0,47,0.15947706984944104,2399,691.4521625301195
860,ADMM,160.0,47,0.16078412916087506,2398,688.7868004695467
861,ADMM,175.0,47,0.16394641242020855,2399,681.7602264179346
862,ADMM,200.0,47,0.16692541087205826,2305,673.4028288166301
863,ADMM,225.0,47,0.16876255263467152,2362,669.5365145140556
864,MPPS,1.0,48,0.13821717695864913,392,373.07454510924777
865,MPPS,5.0,48,0.14100189263037965,200,212.6970611874466
866,MPPS,10.0,48,0.1432110761790824,744,193.9099956572016
867,MPPS,15.0,48,0.15026296546107573,583,193.28472558403524
868,MPPS,20.0,48,0.1513693882790752,757,195.69074567907063
869,MPPS,25.0,48,0.1552612996719674,787,200.43129679236068
870,ADMM,1.0,48,2.1012342011957132,2399,6248.505523321115
871,ADMM,10.0,48,0.40889447620756547,2399,2826.6879138217882
872,ADMM,100.0,48,0.146218819916448,1116,770.0243506413624
873,ADMM,125.0,48,0.14558611646710898,1271,720.4095160405669
874,ADMM,140.0,48,0.14336235610826054,1295,699.4899709079738
875,ADMM,145.0,48,0.14365351647864055,1337,693.3912524123216
876,ADMM,150.0,48,0.14414479078842013,1380,688.164421879856
877,ADMM,155.0,48,0.14478271084073144,1424,683.1375178115348
878,ADMM,160.0,48,0.1456477534052518,1464,678.4802673676842
879,ADMM,175.0,48,0.14536065402189233,1919,666.235223288973
880,ADMM,200.0,48,0.14487721621200636,2080,651.5224843221613
881,ADMM,225.0,48,0.14477733743386492,2367,642.2577963167234
882,MPPS,1.0,49,0.18291888455732977,196,359.17017943055157
883,MPPS,5.0,49,0.17914590920112503,206,250.7471679859285
884,MPPS,10.0,49,0.17419752383655346,158,228.00988000298025
885,MPPS,15.0,49,0.17713781233445974,146,219.57607780460145
886,MPPS,20.0,49,0.17477097498416005,189,218.7341763758448
887,MPPS,25.0,49,0.18019036338278507,187,220.77433093857456
888,ADMM,1.0,49,2.2336595568707143,2399,6854.633833417208
889,ADMM,10.0,49,0.17598616198023037,2215,2277.8472670692718
890,ADMM,100.0,49,0.1680948233832618,950,781.1839715429585
891,ADMM,125.0,49,0.16901780779737907,940,750.2369589461543
892,ADMM,140.0,49,0.17537688704902002,909,738.2097241784361
893,ADMM,145.0,49,0.17599384078140623,883,734.6801392308826
894,ADMM,150.0,49,0.17720570805926358,937,731.2856681536355
895,ADMM,155.0,49,0.17881647454700814,966,728.2772218333259
896,ADMM,160.0,49,0.17957504136810837,1042,725.6824431971786
897,ADMM,175.0,49,0.18125174503510696,1239,719.1735244251516
898,ADMM,200.0,49,0.18045262394033296,1362,710.9868235874669
899,ADMM,225.0,49,0.18304266820455234,2238,704.7697351531874
